Don,Sabo,The Magic of Tennis,12345,1,true,0
FirstName2,LastName2,Title2,22222,2,true,0
FirstName3,LastName3,Title3,33333,3,true,0
FirstName4,LastName4,Title4,44444,4,true,0
FirstName5,LastName5,Title5,55555,5,true,0
FirstName6,LastName6,Title6,66666,6,true,0
FirstName7,LastName7,Title7,77777,7,true,0
FirstName8,LastName8,Title1,88888,8,false,0
Maurice,Sendak,Where the Wild Things Are,97800,9,true,0
Joanne,Rowling,Harry Potter and the Philosopher's Stone,978074,10,true,0
FirstName1,LastName1,The Bible,1234,11,true,0
